input7 vs output,MSE, RMSE, STD
deg 2,0.017369,0.131791,0.095819
deg 3,0.025140,0.158555,0.107058
deg 4,0.019553,0.139834,0.130114
