input6 vs output,MSE, RMSE, STD
deg 2,0.014916,0.122131,0.094451
deg 3,0.014765,0.121511,0.094330
deg 4,0.017174,0.131050,0.097009
