input16,and,output

 Slope,Intercept,MSE,RMSE,STD
0.101508,0.345622,0.017435,0.132042,0.094644
0.101508,0.495622,0.012294,0.110879,0.094644
0.101508,0.645622,0.052153,0.228371,0.094644
0.201508,0.345622,0.016640,0.128995,0.094821
0.201508,0.495622,0.012864,0.113420,0.094821
0.201508,0.645622,0.054088,0.232569,0.094821
0.301508,0.345622,0.015908,0.126126,0.095115
0.301508,0.495622,0.013497,0.116179,0.095115
0.301508,0.645622,0.056087,0.236828,0.095115
