input12,and,input21

 Slope,Intercept,MSE,RMSE,STD
0.699362,-0.082779,0.011823,0.108735,0.115105
0.699362,0.067221,0.004862,0.069728,0.115105
0.699362,0.217221,0.042901,0.207125,0.115105
0.799362,-0.082779,0.004730,0.068773,0.123727
0.799362,0.067221,0.013567,0.116477,0.123727
0.799362,0.217221,0.067404,0.259623,0.123727
0.899362,-0.082779,0.003458,0.058801,0.132825
0.899362,0.067221,0.028093,0.167610,0.132825
0.899362,0.217221,0.097729,0.312616,0.132825
