input8,and,output

 Slope,Intercept,MSE,RMSE,STD
-0.050380,0.329447,0.030941,0.175901,0.094616
-0.050380,0.479447,0.008959,0.094654,0.094616
-0.050380,0.629447,0.031977,0.178822,0.094616
0.049620,0.329447,0.015051,0.122682,0.094615
0.049620,0.479447,0.014114,0.118802,0.094615
0.049620,0.629447,0.058177,0.241199,0.094615
0.149620,0.329447,0.009051,0.095136,0.094869
0.149620,0.479447,0.029159,0.170759,0.094869
0.149620,0.629447,0.094267,0.307029,0.094869
