input20,and,output

 Slope,Intercept,MSE,RMSE,STD
0.319963,0.163423,0.026950,0.164164,0.094961
0.319963,0.313423,0.009132,0.095562,0.094961
0.319963,0.463423,0.036315,0.190564,0.094961
0.419963,0.163423,0.016858,0.129840,0.095233
0.419963,0.313423,0.012595,0.112229,0.095233
0.419963,0.463423,0.053332,0.230938,0.095233
0.519963,0.163423,0.010864,0.104230,0.095577
0.519963,0.313423,0.020155,0.141969,0.095577
0.519963,0.463423,0.074447,0.272849,0.095577
