input2 vs output,MSE, RMSE, STD
deg 2,0.017039,0.130532,0.105769
deg 3,0.016375,0.127966,0.100158
deg 4,0.068126,0.261009,0.227189
