input2,and,output

 Slope,Intercept,MSE,RMSE,STD
-0.426119,0.636510,0.025506,0.159707,0.111077
-0.426119,0.786510,0.011224,0.105943,0.111077
-0.426119,0.936510,0.041942,0.204796,0.111077
-0.326119,0.636510,0.011837,0.108796,0.104560
-0.326119,0.786510,0.019853,0.140902,0.104560
-0.326119,0.936510,0.072870,0.269945,0.104560
-0.226119,0.636510,0.009591,0.097931,0.099504
-0.226119,0.786510,0.039907,0.199767,0.099504
-0.226119,0.936510,0.115223,0.339445,0.099504
