input11,and,output

 Slope,Intercept,MSE,RMSE,STD
0.166495,0.345861,0.016011,0.126536,0.094715
0.166495,0.495861,0.013313,0.115380,0.094715
0.166495,0.645861,0.055614,0.235826,0.094715
0.266495,0.345861,0.014835,0.121797,0.094922
0.266495,0.495861,0.014392,0.119968,0.094922
0.266495,0.645861,0.058950,0.242796,0.094922
0.366495,0.345861,0.013789,0.117427,0.095222
0.366495,0.495861,0.015603,0.124912,0.095222
0.366495,0.645861,0.062417,0.249834,0.095222
