input5,and,output

 Slope,Intercept,MSE,RMSE,STD
-0.163604,0.398827,0.029881,0.172862,0.096065
-0.163604,0.548827,0.009021,0.094977,0.096065
-0.163604,0.698827,0.033160,0.182099,0.096065
-0.063604,0.398827,0.015754,0.125514,0.094809
-0.063604,0.548827,0.013411,0.115805,0.094809
-0.063604,0.698827,0.056068,0.236786,0.094809
0.036396,0.398827,0.009457,0.097249,0.094657
0.036396,0.548827,0.025632,0.160099,0.094657
0.036396,0.698827,0.086806,0.294628,0.094657
