input12,and,output

 Slope,Intercept,MSE,RMSE,STD
-0.074197,0.348798,0.026713,0.163442,0.094982
-0.074197,0.498798,0.009417,0.097042,0.094982
-0.074197,0.648798,0.037121,0.192668,0.094982
0.025803,0.348798,0.015321,0.123778,0.094631
0.025803,0.498798,0.013823,0.117572,0.094631
0.025803,0.648798,0.057326,0.239428,0.094631
0.125803,0.348798,0.009750,0.098741,0.095726
0.125803,0.498798,0.024051,0.155083,0.095726
0.125803,0.648798,0.083352,0.288707,0.095726
