input8 vs output,MSE, RMSE, STD
deg 2,0.014239,0.119329,0.094712
deg 3,0.014222,0.119255,0.094645
deg 4,0.014316,0.119650,0.095001
