input17 vs output,MSE, RMSE, STD
deg 2,0.012903,0.113592,0.094622
deg 3,0.013085,0.114388,0.095110
deg 4,0.013075,0.114344,0.095046
