input13,and,output

 Slope,Intercept,MSE,RMSE,STD
-0.016596,0.340520,0.020027,0.141515,0.094593
-0.016596,0.490520,0.011000,0.104879,0.094593
-0.016596,0.640520,0.046973,0.216732,0.094593
0.083404,0.340520,0.016151,0.127086,0.094841
0.083404,0.490520,0.012965,0.113864,0.094841
0.083404,0.640520,0.054779,0.234049,0.094841
0.183404,0.340520,0.013174,0.114777,0.095824
0.183404,0.490520,0.015829,0.125813,0.095824
0.183404,0.640520,0.063484,0.251961,0.095824
