input4 vs output,MSE, RMSE, STD
deg 2,0.045173,0.212540,0.092033
deg 3,1.798971,1.341257,0.758782
deg 4,33.038157,5.747883,4.534321
