input18,and,output

 Slope,Intercept,MSE,RMSE,STD
-0.216032,0.369090,0.017403,0.131920,0.095047
-0.216032,0.519090,0.012360,0.111177,0.095047
-0.216032,0.669090,0.052318,0.228731,0.095047
-0.116032,0.369090,0.015867,0.125966,0.094717
-0.116032,0.519090,0.013397,0.115744,0.094717
-0.116032,0.669090,0.055926,0.236487,0.094717
-0.016032,0.369090,0.014517,0.120485,0.094586
-0.016032,0.519090,0.014618,0.120903,0.094586
-0.016032,0.669090,0.059719,0.244374,0.094586
