input11 vs output,MSE, RMSE, STD
deg 2,0.041645,0.204071,0.187824
deg 3,44.628675,6.680470,6.675014
deg 4,35429.565876,188.227431,188.154880
