input12 vs output,MSE, RMSE, STD
deg 2,0.013878,0.117804,0.094406
deg 3,0.013926,0.118007,0.094692
deg 4,0.013902,0.117905,0.095442
