input5 vs output,MSE, RMSE, STD
deg 2,0.013451,0.115979,0.094290
deg 3,0.013452,0.115983,0.094306
deg 4,0.013499,0.116183,0.095624
