input15 vs output,MSE, RMSE, STD
deg 2,0.013757,0.117291,0.094518
deg 3,0.013753,0.117272,0.094620
deg 4,0.025884,0.160884,0.144075
