input3,and,output

 Slope,Intercept,MSE,RMSE,STD
-0.540871,0.762781,0.024462,0.156402,0.095613
-0.540871,0.912781,0.084621,0.290896,0.095613
-0.540871,1.062781,0.189780,0.435637,0.095613
-0.440871,0.762781,0.034820,0.186602,0.095269
-0.440871,0.912781,0.105788,0.325251,0.095269
-0.440871,1.062781,0.221756,0.470910,0.095269
-0.340871,0.762781,0.047789,0.218607,0.094994
-0.340871,0.912781,0.129566,0.359952,0.094994
-0.340871,1.062781,0.256342,0.506303,0.094994
