input7,and,input20

 Slope,Intercept,MSE,RMSE,STD
0.059954,0.270843,0.021743,0.147456,0.027420
0.059954,0.420843,0.000602,0.024535,0.027420
0.059954,0.570843,0.024461,0.156399,0.027420
0.159954,0.270843,0.008059,0.089774,0.032765
0.159954,0.420843,0.004682,0.068425,0.032765
0.159954,0.570843,0.046305,0.215185,0.032765
0.259954,0.270843,0.001680,0.040991,0.041083
0.259954,0.420843,0.016067,0.126755,0.041083
0.259954,0.570843,0.075454,0.274688,0.041083
