input10,and,output

 Slope,Intercept,MSE,RMSE,STD
0.298880,0.336339,0.010755,0.103706,0.099878
0.298880,0.486339,0.021805,0.147665,0.099878
0.298880,0.636339,0.077855,0.279025,0.099878
0.398880,0.336339,0.010115,0.100572,0.103826
0.398880,0.486339,0.027978,0.167265,0.103826
0.398880,0.636339,0.090840,0.301397,0.103826
0.498880,0.336339,0.010737,0.103617,0.108695
0.498880,0.486339,0.035412,0.188181,0.108695
0.498880,0.636339,0.105088,0.324172,0.108695
