input9,and,output

 Slope,Intercept,MSE,RMSE,STD
-0.051345,0.333332,0.024782,0.157422,0.094619
-0.051345,0.483332,0.009546,0.097701,0.094619
-0.051345,0.633332,0.039310,0.198266,0.094619
0.048655,0.333332,0.017629,0.132775,0.094616
0.048655,0.483332,0.012174,0.110336,0.094616
0.048655,0.633332,0.051719,0.227418,0.094616
0.148655,0.333332,0.012655,0.112493,0.094886
0.148655,0.483332,0.016980,0.130309,0.094886
0.148655,0.633332,0.066306,0.257500,0.094886
