input1 vs input6,MSE, RMSE, STD
deg 2,0.008877,0.094220,0.070759
deg 3,0.008036,0.089642,0.064598
deg 4,0.008036,0.089642,0.064597
