input14 vs output,MSE, RMSE, STD
deg 2,0.013569,0.116484,0.094437
deg 3,0.013743,0.117230,0.094898
deg 4,0.030789,0.175468,0.158537
