input17,and,output

 Slope,Intercept,MSE,RMSE,STD
-0.072521,0.356001,0.018410,0.135684,0.094659
-0.072521,0.506001,0.011762,0.108452,0.094659
-0.072521,0.656001,0.050114,0.223861,0.094659
0.027479,0.356001,0.015716,0.125365,0.094594
0.027479,0.506001,0.013529,0.116313,0.094594
0.027479,0.656001,0.056341,0.237363,0.094594
0.127479,0.356001,0.013519,0.116272,0.094817
0.127479,0.506001,0.015792,0.125667,0.094817
0.127479,0.656001,0.063065,0.251127,0.094817
