input6,and,output

 Slope,Intercept,MSE,RMSE,STD
-0.076433,0.353810,0.024407,0.156229,0.096763
-0.076433,0.503810,0.010394,0.101950,0.096763
-0.076433,0.653810,0.041380,0.203421,0.096763
0.023567,0.353810,0.015053,0.122692,0.094792
0.023567,0.503810,0.014048,0.118525,0.094792
0.023567,0.653810,0.058043,0.240921,0.094792
0.123567,0.353810,0.010887,0.104342,0.100179
0.123567,0.503810,0.022891,0.151296,0.100179
0.123567,0.653810,0.079894,0.282655,0.100179
