input16 vs output,MSE, RMSE, STD
deg 2,0.012796,0.113120,0.096417
deg 3,0.015354,0.123913,0.109379
deg 4,44.633176,6.680807,6.675738
