input3 vs output,MSE, RMSE, STD
deg 2,1.504160,1.226442,0.184941
deg 3,0.907075,0.952405,0.233144
deg 4,106.409572,10.315502,2.674737
