input19,and,output

 Slope,Intercept,MSE,RMSE,STD
0.002596,0.353381,0.016862,0.129854,0.094583
0.002596,0.503381,0.012670,0.112561,0.094583
0.002596,0.653381,0.053478,0.231253,0.094583
0.102596,0.353381,0.016695,0.129209,0.094600
0.102596,0.503381,0.012786,0.113075,0.094600
0.102596,0.653381,0.053877,0.232114,0.094600
0.202596,0.353381,0.016535,0.128590,0.094648
0.202596,0.503381,0.012909,0.113619,0.094648
0.202596,0.653381,0.054283,0.232988,0.094648
