input14,and,output

 Slope,Intercept,MSE,RMSE,STD
-0.053174,0.349308,0.020043,0.141573,0.094662
-0.053174,0.499308,0.011036,0.105052,0.094662
-0.053174,0.649308,0.047029,0.216861,0.094662
0.046826,0.349308,0.015725,0.125401,0.094644
0.046826,0.499308,0.013462,0.116025,0.094644
0.046826,0.649308,0.056198,0.237062,0.094644
0.146826,0.349308,0.012524,0.111912,0.095185
0.146826,0.499308,0.017004,0.130400,0.095185
0.146826,0.649308,0.066484,0.257845,0.095185
