input9 vs output,MSE, RMSE, STD
deg 2,0.014546,0.120609,0.094759
deg 3,0.010468,0.102315,0.096344
deg 4,0.014904,0.122081,0.118209
