input2,and,input3

 Slope,Intercept,MSE,RMSE,STD
0.265641,0.450605,0.083804,0.289490,0.044589
0.265641,0.600605,0.192634,0.438901,0.044589
0.265641,0.750605,0.346464,0.588612,0.044589
0.365641,0.450605,0.132915,0.364575,0.056280
0.365641,0.600605,0.264044,0.513852,0.056280
0.365641,0.750605,0.440173,0.663455,0.056280
0.465641,0.450605,0.193449,0.439828,0.068705
0.465641,0.600605,0.346877,0.588963,0.068705
0.465641,0.750605,0.545306,0.738448,0.068705
