input15,and,output

 Slope,Intercept,MSE,RMSE,STD
-0.073049,0.357005,0.018397,0.135637,0.094703
-0.073049,0.507005,0.011823,0.108732,0.094703
-0.073049,0.657005,0.050248,0.224161,0.094703
0.026951,0.357005,0.015515,0.124561,0.094599
0.026951,0.507005,0.013681,0.116965,0.094599
0.026951,0.657005,0.056846,0.238425,0.094599
0.126951,0.357005,0.013218,0.114968,0.094945
0.126951,0.507005,0.016123,0.126978,0.094945
0.126951,0.657005,0.064029,0.253040,0.094945
