input17,and,input21

 Slope,Intercept,MSE,RMSE,STD
0.807538,0.126850,0.022380,0.149599,0.091138
0.807538,0.276850,0.003838,0.061955,0.091138
0.807538,0.426850,0.030297,0.174061,0.091138
0.907538,0.126850,0.018425,0.135740,0.093667
0.907538,0.276850,0.004344,0.065913,0.093667
0.907538,0.426850,0.035264,0.187786,0.093667
1.007538,0.126850,0.014968,0.122342,0.096413
1.007538,0.276850,0.005347,0.073125,0.096413
1.007538,0.426850,0.040727,0.201809,0.096413
