input1 vs output,MSE, RMSE, STD
deg 2,0.013717,0.117120,0.093665
deg 3,0.013718,0.117126,0.093670
deg 4,0.013686,0.116989,0.093509
