input20 vs output,MSE, RMSE, STD
deg 2,0.013652,0.116844,0.097793
deg 3,0.190799,0.436805,0.431943
deg 4,0.436784,0.660897,0.659332
