input17 vs input21,MSE, RMSE, STD
deg 2,0.003593,0.059941,0.059795
deg 3,0.007858,0.088647,0.088138
deg 4,0.236220,0.486024,0.485922
