input10 vs output,MSE, RMSE, STD
deg 2,0.019992,0.141392,0.096191
deg 3,0.665445,0.815748,0.792876
deg 4,524.244148,22.896378,22.421512
