input7 vs input20,MSE, RMSE, STD
deg 2,0.008752,0.093550,0.035219
deg 3,0.014724,0.121341,0.057517
deg 4,0.012912,0.113632,0.049836
