input2 vs input3,MSE, RMSE, STD
deg 2,0.248988,0.498987,0.123537
deg 3,0.252633,0.502626,0.073064
deg 4,5.500591,2.345334,2.147993
