input1,and,output

 Slope,Intercept,MSE,RMSE,STD
-0.137400,0.384957,0.029229,0.170966,0.104149
-0.137400,0.534957,0.009841,0.099202,0.104149
-0.137400,0.684957,0.035453,0.188290,0.104149
-0.037400,0.384957,0.015151,0.123091,0.095325
-0.037400,0.534957,0.013712,0.117099,0.095325
-0.037400,0.684957,0.057273,0.239317,0.095325
0.062600,0.384957,0.010247,0.101225,0.096647
0.062600,0.534957,0.026756,0.163573,0.096647
0.062600,0.684957,0.088265,0.297095,0.096647
