input21 vs output,MSE, RMSE, STD
deg 2,0.013640,0.116792,0.094587
deg 3,0.013827,0.117589,0.094939
deg 4,0.013768,0.117338,0.094767
