input13 vs output,MSE, RMSE, STD
deg 2,0.012887,0.113520,0.093859
deg 3,0.013062,0.114290,0.094486
deg 4,0.013167,0.114749,0.094623
