input21,and,output

 Slope,Intercept,MSE,RMSE,STD
-0.068833,0.347179,0.023819,0.154333,0.094746
-0.068833,0.497179,0.009835,0.099170,0.094746
-0.068833,0.647179,0.040851,0.202116,0.094746
0.031167,0.347179,0.015858,0.125928,0.094617
0.031167,0.497179,0.013386,0.115696,0.094617
0.031167,0.647179,0.055913,0.236460,0.094617
0.131167,0.347179,0.010972,0.104749,0.095175
0.131167,0.497179,0.020012,0.141463,0.095175
0.131167,0.647179,0.074051,0.272124,0.095175
