input19 vs output,MSE, RMSE, STD
deg 2,0.017098,0.130758,0.103019
deg 3,9.525252,3.086301,3.086228
deg 4,1268.702740,35.618854,35.610821
