input4,and,output

 Slope,Intercept,MSE,RMSE,STD
-0.588420,0.607251,0.008503,0.092209,0.102961
-0.588420,0.757251,0.031450,0.177342,0.102961
-0.588420,0.907251,0.099398,0.315274,0.102961
-0.488420,0.607251,0.009199,0.095910,0.100430
-0.488420,0.757251,0.040476,0.201186,0.100430
-0.488420,0.907251,0.116753,0.341692,0.100430
-0.388420,0.607251,0.011532,0.107388,0.098321
-0.388420,0.757251,0.051139,0.226140,0.098321
-0.388420,0.907251,0.135746,0.368438,0.098321
