input1,and,input6

 Slope,Intercept,MSE,RMSE,STD
-0.786613,0.633365,0.079552,0.282049,0.365634
-0.786613,0.783365,0.020790,0.144186,0.365634
-0.786613,0.933365,0.007028,0.083831,0.365634
-0.686613,0.633365,0.052095,0.228242,0.344753
-0.686613,0.783365,0.011281,0.106214,0.344753
-0.686613,0.933365,0.015468,0.124371,0.344753
-0.586613,0.633365,0.033810,0.183876,0.325628
-0.586613,0.783365,0.010946,0.104623,0.325628
-0.586613,0.933365,0.033082,0.181883,0.325628
