input12 vs input21,MSE, RMSE, STD
deg 2,0.013452,0.115982,0.051673
deg 3,0.013383,0.115683,0.051051
deg 4,0.013612,0.116669,0.051464
