input7,and,output

 Slope,Intercept,MSE,RMSE,STD
-0.088051,0.358606,0.027522,0.165896,0.095181
-0.088051,0.508606,0.009248,0.096168,0.095181
-0.088051,0.658606,0.035975,0.189671,0.095181
0.011949,0.358606,0.014832,0.121786,0.094594
0.011949,0.508606,0.014323,0.119677,0.094594
0.011949,0.658606,0.058813,0.242514,0.094594
0.111949,0.358606,0.009447,0.097197,0.095547
0.111949,0.508606,0.026702,0.163407,0.095547
0.111949,0.658606,0.088957,0.298256,0.095547
