input18 vs output,MSE, RMSE, STD
deg 2,0.014414,0.120060,0.098256
deg 3,0.175389,0.418794,0.415286
deg 4,1034.382011,32.161810,32.143578
